{"test_1/auc_mae": 0.1069185, "test_1/auc_opt_mae": 0.006236, "test_1/auc_rnd_mae": 0.2021635, "test_1/auc_rmse": 0.8131164, "test_1/auc_opt_rmse": 0.0270897, "test_1/auc_rnd_rmse": 1.5952454, "test_2/auc_mae": 0.1808371, "test_2/auc_opt_mae": 0.0089748, "test_2/auc_rnd_mae": 0.326239, "test_2/auc_rmse": 1.5430431, "test_2/auc_opt_rmse": 0.0393159, "test_2/auc_rnd_rmse": 2.5698364}