{"test_1/auc_mae": 0.2749473, "test_1/auc_opt_mae": 0.006236, "test_1/auc_rnd_mae": 0.2021635, "test_1/auc_rmse": 1.9202285, "test_1/auc_opt_rmse": 0.0270897, "test_1/auc_rnd_rmse": 1.5952454, "test_2/auc_mae": 0.5931712, "test_2/auc_opt_mae": 0.0089748, "test_2/auc_rnd_mae": 0.326239, "test_2/auc_rmse": 3.424176, "test_2/auc_opt_rmse": 0.0393159, "test_2/auc_rnd_rmse": 2.5698364}