{"test_1/auc_mae": 0.0907495, "test_1/auc_opt_mae": 0.006236, "test_1/auc_rnd_mae": 0.2021635, "test_1/auc_rmse": 0.4844468, "test_1/auc_opt_rmse": 0.0270897, "test_1/auc_rnd_rmse": 1.5952454, "test_2/auc_mae": 0.1273126, "test_2/auc_opt_mae": 0.0089748, "test_2/auc_rnd_mae": 0.326239, "test_2/auc_rmse": 0.9641863, "test_2/auc_opt_rmse": 0.0393159, "test_2/auc_rnd_rmse": 2.5698364}