{"test_1/loss": 1.3775989, "test_1/depth_rmse": 4.0105176, "test_1/auc_mae": 0.0339743, "test_1/auc_opt_mae": 0.006236, "test_1/auc_rnd_mae": 0.2021635, "test_1/auc_rmse": 0.1291763, "test_1/auc_opt_rmse": 0.0270897, "test_1/auc_rnd_rmse": 1.5952455, "test_2/loss": 1.4058938, "test_2/depth_rmse": 4.4248624, "test_2/auc_mae": 0.0375919, "test_2/auc_opt_mae": 0.0089748, "test_2/auc_rnd_mae": 0.326239, "test_2/auc_rmse": 0.1984995, "test_2/auc_opt_rmse": 0.0393159, "test_2/auc_rnd_rmse": 2.5698366}